{
	"welcomeFile": "/webapp/index.html",
	"routes": [{
		"path": "/resources",
		"target": {
			"type": "service",
			"name": "sapui5",
			"entryPath": "/resources",
			"version": "1.71.21"
		},
		"description": "SAPUI5 Resources"
	}, {
		"path": "/test-resources",
		"target": {
			"type": "service",
			"name": "sapui5",
			"entryPath": "/test-resources",
			"version": "1.71.21"
		},
		"description": "SAPUI5 Test Resources"
	}, {
		"path": "/saperp",
		"target": {
			"type": "destination",
			"name": "Everis"
		},
		"description": "SAP ERP basic authentication"
	}, {
		"path": "/cmis",
		"target": {
			"type": "destination",
			"name": "bridgerepositor"
		},
		"description": "Document Service"
	}, {
		"path": "/services/userapi",
		"target": {
			"type": "service",
			"name": "userapi",
			"entryPath": "/"
		},
		"description": "services"
	}, {
		"path": "/iasscim",
		"target": {
			"type": "destination",
			"name": "IAS"
		},
		"description": "IAS SCIM API"
	}],
	"sendWelcomeFileRedirect": true
}