{
	"_version": "3.0.0",
	"identification": {
		"id": "a651b7b7-341d-4213-896f-69c622cff1c1-1593808926880",
		"entityType": "bundle"
	},
	"payload": {
		"catalogs": [{
			"_version": "3.0.0",
			"identification": {
				"id": "defaultCatalogId",
				"title": "{{title}}",
				"entityType": "catalog",
				"i18n": "i18n/defaultCatalogId.properties"
			},
			"payload": {
				"viz": [{
					"appId": "com.everis.suppliers.bpcreationrequest",
					"vizId": "semanticbpcreationrequest-Display"
				}, {
					"appId": "com.everis.suppliers.potracking",
					"vizId": "potracking-display"
				}, {
					"appId": "businessappsup.app",
					"vizId": "tilepotracking-displayToCustom"
				}, {
					"appId": "com.everis.suppliers.quotationupdate",
					"vizId": "quotationupdate-display"
				}, {
					"appId": "com.everis.ias",
					"vizId": "ias-display"
				}, {
					"appId": "businessappsup.app",
					"vizId": "tileaccountstatus-displayToCustom"
				}, {
					"appId": "com.everis.suppliers.accountstatus",
					"vizId": "AccountStatus-Display"
				}]
			}
		}],
		"groups": [{
			"_version": "3.0.0",
			"identification": {
				"id": "defaultGroupId",
				"title": "{{title}}",
				"entityType": "group",
				"i18n": "i18n/defaultGroupId.properties"
			},
			"payload": {
				"viz": [{
					"id": "com.everis.suppliers.quotationupdate-4-1594364959943",
					"appId": "com.everis.suppliers.quotationupdate",
					"vizId": "quotationupdate-display"
				}, {
					"id": "com.everis.suppliers.invoiceregister-1-1594059556700",
					"appId": "com.everis.suppliers.invoiceregister",
					"vizId": "InvoiceRegister-Display"
				}, {
					"id": "businessappsup.app-3-1583877061234",
					"appId": "businessappsup.app",
					"vizId": "tilepotracking-displayToCustom"
				}, {
					"id": "com.everis.suppliers.bpcreationrequest-10-1595286975459",
					"appId": "com.everis.suppliers.bpcreationrequest",
					"vizId": "semanticbpcreationrequest-Display"
				}, {
					"id": "cross.fnd.fiori.inbox-9-1595004921830",
					"appId": "cross.fnd.fiori.inbox",
					"vizId": "WorkflowTask-DisplayMyInboxExpertMode"
				}, {
					"id": "com.everis.suppliers.invoiceregisternotoc-6-1597945268073",
					"appId": "com.everis.suppliers.invoiceregisternotoc",
					"vizId": "semanticInvoiceRegisterNotOc-Display"
				}, {
					"id": "com.everis.suppliers.approvalmonitor-7-1598639351380",
					"appId": "com.everis.suppliers.approvalmonitor",
					"vizId": "approvalMonitor-Display"
				}, {
					"id": "businessappsup.app-8-1598910750498",
					"appId": "businessappsup.app",
					"vizId": "tileaccountstatus-displayToCustom"
				}]
			}
		}, {
			"_version": "3.0.0",
			"identification": {
				"id": "workflowGroup",
				"title": "{{title}}",
				"entityType": "group",
				"i18n": "i18n/WorkflowGroup.properties"
			},
			"payload": {
				"viz": [{
					"id": "com.sap.bpm.monitorworkflow-6-1569475771450",
					"appId": "com.sap.bpm.monitorworkflow",
					"vizId": "bpmworkflowmonitor-DisplayInstances"
				}, {
					"id": "com.sap.bpm.monitorworkflow-7-1569475771450",
					"appId": "com.sap.bpm.monitorworkflow",
					"vizId": "bpmworkflowmonitor-DisplayDefinitions"
				}, {
					"id": "cross.fnd.fiori.inbox-8-1569475771450",
					"appId": "cross.fnd.fiori.inbox",
					"vizId": "WorkflowTask-DisplayMyInbox"
				}]
			}
		}],
		"sites": [{
			"_version": "3.0.0",
			"identification": {
				"id": "8a430566-c13a-4423-af2b-4e205ab540a9-1593808926881",
				"entityType": "site",
				"title": "SAP Fiori launchpad site on Cloud Foundry",
				"description": "SAP Fiori launchpad site on Cloud Foundry, deployed from SAP Web IDE"
			},
			"payload": {
				"config": {
					"ushellConfig": {
						"renderers": {
							"fiori2": {
								"componentData": {
									"config": {
										"enableRecentActivity": false,
										"applications": {
											"Shell-home": {}
										}
									}
								}
							}
						}
					}
				},
				"groupsOrder": ["defaultGroupId", "workflowGroup"],
				"sap.cloud.portal": {
					"config": {
						"theme.id": "kallpatheme",
						"theme.active": ["kallpatheme", "tema1", "sap_fiori_3", "sap_fiori_3_dark", "sap_belize_hcb", "sap_belize_hcw"]
					}
				}
			}
		}]
	}
}