<edmx:Edmx xmlns:edmx="http://docs.oasis-open.org/odata/ns/edmx" Version="4.0">
	<edmx:Reference Uri="https://oasis-tcs.github.io/odata-vocabularies/vocabularies/Org.OData.Aggregation.V1.xml">
		<edmx:Include Alias="Aggregation" Namespace="Org.OData.Aggregation.V1"/>
	</edmx:Reference>
	<edmx:Reference Uri="https://oasis-tcs.github.io/odata-vocabularies/vocabularies/Org.OData.Authorization.V1.xml">
		<edmx:Include Alias="Auth" Namespace="Org.OData.Authorization.V1"/>
	</edmx:Reference>
	<edmx:Reference Uri="https://oasis-tcs.github.io/odata-vocabularies/vocabularies/Org.OData.Capabilities.V1.xml">
		<edmx:Include Alias="Capabilities" Namespace="Org.OData.Capabilities.V1"/>
	</edmx:Reference>
	<edmx:Reference Uri="https://wiki.scn.sap.com/wiki/download/attachments/448470974/Common.xml?api=v2">
		<edmx:Include Alias="Common" Namespace="com.sap.vocabularies.Common.v1"/>
	</edmx:Reference>
	<edmx:Reference Uri="https://wiki.scn.sap.com/wiki/download/attachments/448470971/Communication.xml?api=v2">
		<edmx:Include Alias="Communication" Namespace="com.sap.vocabularies.Communication.v1"/>
	</edmx:Reference>
	<edmx:Reference Uri="https://oasis-tcs.github.io/odata-vocabularies/vocabularies/Org.OData.Core.V1.xml">
		<edmx:Include Alias="Core" Namespace="Org.OData.Core.V1"/>
	</edmx:Reference>
	<edmx:Reference Uri="https://oasis-tcs.github.io/odata-vocabularies/vocabularies/Org.OData.Measures.V1.xml">
		<edmx:Include Alias="Measures" Namespace="Org.OData.Measures.V1"/>
	</edmx:Reference>
	<edmx:Reference Uri="https://wiki.scn.sap.com/wiki/download/attachments/448470968/UI.xml?api=v2">
		<edmx:Include Alias="UI" Namespace="com.sap.vocabularies.UI.v1"/>
	</edmx:Reference>
	<edmx:Reference Uri="https://oasis-tcs.github.io/odata-vocabularies/vocabularies/Org.OData.Validation.V1.xml">
		<edmx:Include Alias="Validation" Namespace="Org.OData.Validation.V1"/>
	</edmx:Reference>
	<edmx:Reference Uri="https://wiki.scn.sap.com/wiki/download/attachments/462030211/Analytics.xml">
		<edmx:Include Alias="Analytics" Namespace="com.sap.vocabularies.Analytics.v1"/>
	</edmx:Reference>
	<edmx:Reference Uri="https://wiki.scn.sap.com/wiki/download/attachments/496435637/PersonalData.xml">
		<edmx:Include Alias="PersonalData" Namespace="com.sap.vocabularies.PersonalData.v1"/>
	</edmx:Reference>
	<edmx:DataServices>
		<Schema xmlns="http://docs.oasis-open.org/odata/ns/edm">
			<Annotations Target="EPER.SUPPLIERS_SRV.PurchaseOrderHeader">
				<Annotation Term="UI.SelectionFields">
					<Collection>
						<PropertyPath>ItCompanyId</PropertyPath>
						<PropertyPath>PO_NUMBER</PropertyPath>
						<PropertyPath >DN_NUMBER</PropertyPath>
					</Collection>
				</Annotation>
			</Annotations>
			<Annotations Target="EPER.SUPPLIERS_SRV.PurchaseOrderHeader/ItCompanyId">
				<Annotation Term="Common.ValueList">
					<Record Type="Common.ValueListType">
						<PropertyValue Property="CollectionPath" String="CompanySet"/>
						<PropertyValue Property="Parameters">
							<Collection>
								<Record Type="Common.ValueListParameterInOut">
									<PropertyValue Property="LocalDataProperty" PropertyPath="ItCompanyId"/>
									<PropertyValue Property="ValueListProperty" String="ItCompanyId"/>
								</Record>
								<Record Type="Common.ValueListParameterDisplayOnly">
									<PropertyValue Property="ValueListProperty" String="CompanyName"/>
								</Record>
							</Collection>
						</PropertyValue>
					</Record>
				</Annotation>
			</Annotations>
		</Schema>
	</edmx:DataServices>
</edmx:Edmx>