[{
	"ebeln": "6000000114",
	"waers": "PEN",
	"zterm": "Pago 30 dias",
	"angdt": "2019-05-15T00:00:00",
	"bedat": "2019-05-15T00:00:00",
	"tdline": "Observaicón TDLINe",
	"fstat": 1,
	"cabeceraToPosicion": [{
		"ebeln": "6000000114",
		"ebelp": "10",
		"netpr": "Pendiente",
		"name1": "MINA",
		"srvpos": "1080000110",
		"ktext1": "Lentes de Protección",
		"meins": "C/U",
		"menge": 10,
		"lfdat": "2019-07-10T00:00:00",
		"cnoft": 10,
		"lfdat2": "2019-07-11T00:00:00",
		"tbtwr": 8.99,
		"peinh": 1
	}, {
		"ebeln": "6000000114",
		"ebelp": "20",
		"netpr": "Pendiente",
		"name1": "MINA",
		"srvpos": "1080000158",
		"ktext1": "GUARDACAMARA 17.5 X 25",
		"meins": "C/U",
		"menge": 15,
		"lfdat": "2019-07-10T00:00:00",
		"cnoft": 15,
		"lfdat2": "2019-07-11T00:00:00",
		"tbtwr": 100,
		"peinh": 1,
		"tdline": ""
	}, {
		"ebeln": "6000000114",
		"ebelp": "30",
		"netpr": "Pendiente",
		"name1": "MINA",
		"srvpos": "1080000172",
		"ktext1": "CAMARA 8.25 X 15",
		"meins": "C/U",
		"menge": 14,
		"lfdat": "2019-07-10T00:00:00",
		"cnoft": 14,
		"lfdat2": "2019-07-11T00:00:00",
		"tbtwr": 900,
		"peinh": 1,
		"tdline": "Alternativo"
	}, {
		"ebeln": "6000000114",
		"ebelp": "40",
		"netpr": "Pendiente",
		"name1": "MINA",
		"srvpos": "1080000173",
		"ktext1": "CAMARA 8.25 X 15",
		"meins": "C/U",
		"menge": 18,
		"lfdat": "2019-07-10T00:00:00",
		"cnoft": 10,
		"lfdat2": "2019-07-11T00:00:00",
		"tbtwr": 4000,
		"peinh": 1,
		"tdline": ""
	}, {
		"ebeln": "6000000114",
		"ebelp": "50",
		"netpr": "Pendiente",
		"name1": "MINA",
		"srvpos": "1080000200",
		"ktext1": "Prueba obligatorios y compras internacio",
		"meins": "C/U",
		"menge": 14,
		"lfdat": "2019-07-10T00:00:00",
		"cnoft": 14,
		"lfdat2": "2019-07-11T00:00:00",
		"tbtwr": 11.5,
		"peinh": 1,
		"tdline": ""
	}, {
		"ebeln": "6000000114",
		"ebelp": "60",
		"netpr": "Pendiente",
		"name1": "MINA",
		"srvpos": "1080000331",
		"ktext1": "KIT SEPARADOR DE ACEITE COMPRESORA GA75+",
		"meins": "C/U",
		"menge": 15,
		"lfdat": "2019-07-10T00:00:00",
		"cnoft": 15,
		"lfdat2": "2019-07-11T00:00:00",
		"tbtwr": 400,
		"peinh": 1,
		"tdline": ""
	}, {
		"ebeln": "6000000114",
		"ebelp": "70",
		"netpr": "Pendiente",
		"name1": "MINA",
		"srvpos": "1080000343",
		"ktext1": "FILTRO REFRIGERANTE EQUIV. P552073",
		"meins": "C/U",
		"menge": 16,
		"lfdat": "2019-07-10T00:00:00",
		"cnoft": 16,
		"lfdat2": "2019-07-11T00:00:00",
		"tbtwr": 300,
		"peinh": 1,
		"tdline": ""
	}, {
		"ebeln": "6000000114",
		"ebelp": "80",
		"netpr": "Pendiente",
		"name1": "MINA",
		"srvpos": "1080002000",
		"ktext1": "FILTRO DE CAJA DE DIRECCION EQ",
		"meins": "C/U",
		"menge": 30,
		"lfdat": "2019-07-10T00:00:00",
		"cnoft": 30,
		"lfdat2": "2019-07-11T00:00:00",
		"tbtwr": 324,
		"peinh": 1,
		"tdline": "Original"
	}, {
		"ebeln": "6000000114",
		"ebelp": "90",
		"netpr": "Pendiente",
		"name1": "MINA",
		"srvpos": "1080002001",
		"ktext1": "FILTRO DE CAJA DE MAC 5",
		"meins": "C/U",
		"menge": 40,
		"lfdat": "2019-07-10T00:00:00",
		"cnoft": 10,
		"lfdat2": "2019-07-11T00:00:00",
		"tbtwr": 11.57,
		"peinh": 1,
		"tdline": ""
	}, {
		"ebeln": "6000000114",
		"ebelp": "100",
		"netpr": "Pendiente",
		"name1": "MINA",
		"srvpos": "1080005944",
		"ktext1": "8824120 CAMBIADOR DE CALOR",
		"meins": "C/U",
		"menge": 15,
		"lfdat": "2019-07-10T00:00:00",
		"cnoft": 15,
		"lfdat2": "2019-07-11T00:00:00",
		"tbtwr": 30.59,
		"peinh": 1,
		"tdline": ""
	}, {
		"ebeln": "6000000114",
		"ebelp": "110",
		"netpr": "Pendiente",
		"name1": "MINA",
		"srvpos": "1080010145",
		"ktext1": "RIEL DE ACERO X 5M 30 LB/YD",
		"meins": "C/U",
		"menge": 20,
		"lfdat": "2019-07-10T00:00:00",
		"cnoft": 20,
		"lfdat2": "2019-07-11T00:00:00",
		"tbtwr": 29.99,
		"peinh": 1,
		"tdline": ""
	}, {
		"ebeln": "6000000114",
		"ebelp": "120",
		"netpr": "Pendiente",
		"name1": "MINA",
		"srvpos": "1080010146",
		"ktext1": "Lentes de Seguridad",
		"meins": "C/U",
		"menge": 15,
		"lfdat": "2019-07-10T00:00:00",
		"cnoft": 15,
		"lfdat2": "2019-07-11T00:00:00",
		"tbtwr": 12.4,
		"peinh": 1,
		"tdline": ""
	}, {
		"ebeln": "6000000114",
		"ebelp": "130",
		"netpr": "Pendiente",
		"name1": "MINA",
		"srvpos": "1080010147",
		"ktext1": "Turbina",
		"meins": "C/U",
		"menge": 30,
		"lfdat": "2019-07-10T00:00:00",
		"cnoft": 30,
		"lfdat2": "2019-07-11T00:00:00",
		"tbtwr": 100,
		"peinh": 1,
		"tdline": ""
	}]
}, {
	"ebeln": "6000000115",
	"waers": "EUR",
	"zterm": "Pago 30 dias",
	"angdt": "10.06.2019",
	"bedat": "01.06.2019",
	"fstat": 1,
	"tdline": "Observaicón TDLINe",
	"cabeceraToPosicion": [{
		"ebeln": "6000000115",
		"ebelp": "10",
		"netpr": "Pendiente",
		"name1": "MINA",
		"srvpos": "1080000110",
		"ktext1": "Lentes de Protección",
		"meins": "C/U",
		"menge": 10,
		"lfdat": "2019-07-10T00:00:00",
		"cnoft": 10,
		"lfdat2": "2019-07-11T00:00:00",
		"tbtwr": 8.99,
		"peinh": 1,
		"tdline": ""
	}, {
		"ebeln": "6000000115",
		"ebelp": "20",
		"netpr": "Pendiente",
		"name1": "MINA",
		"srvpos": "1080000158",
		"ktext1": "GUARDACAMARA 17.5 X 25",
		"meins": "C/U",
		"menge": 15,
		"lfdat": "2019-07-10T00:00:00",
		"cnoft": 15,
		"lfdat2": "2019-07-11T00:00:00",
		"tbtwr": 100,
		"peinh": 1,
		"tdline": ""
	}, {
		"ebeln": "6000000115",
		"ebelp": "30",
		"netpr": "Pendiente",
		"name1": "MINA",
		"srvpos": "1080000172",
		"ktext1": "CAMARA 8.25 X 15",
		"meins": "C/U",
		"menge": 14,
		"lfdat": "2019-07-10T00:00:00",
		"cnoft": 14,
		"lfdat2": "2019-07-11T00:00:00",
		"tbtwr": 900,
		"peinh": 1,
		"tdline": "Alternativo"
	}, {
		"ebeln": "6000000115",
		"ebelp": "40",
		"netpr": "Pendiente",
		"name1": "MINA",
		"srvpos": "1080000173",
		"ktext1": "CAMARA 8.25 X 15",
		"meins": "C/U",
		"menge": 18,
		"lfdat": "2019-07-10T00:00:00",
		"cnoft": 10,
		"lfdat2": "2019-07-11T00:00:00",
		"tbtwr": 4000,
		"peinh": 1,
		"tdline": ""
	}, {
		"ebeln": "6000000115",
		"ebelp": "50",
		"netpr": "Pendiente",
		"name1": "MINA",
		"srvpos": "1080000200",
		"ktext1": "Prueba obligatorios y compras internacio",
		"meins": "C/U",
		"menge": 14,
		"lfdat": "2019-07-10T00:00:00",
		"cnoft": 14,
		"lfdat2": "2019-07-11T00:00:00",
		"tbtwr": 11.5,
		"peinh": 1,
		"tdline": ""
	}, {
		"ebeln": "6000000115",
		"ebelp": "60",
		"netpr": "Pendiente",
		"name1": "MINA",
		"srvpos": "1080000331",
		"ktext1": "KIT SEPARADOR DE ACEITE COMPRESORA GA75+",
		"meins": "C/U",
		"menge": 15,
		"lfdat": "2019-07-10T00:00:00",
		"cnoft": 15,
		"lfdat2": "2019-07-11T00:00:00",
		"tbtwr": 400,
		"peinh": 1,
		"tdline": ""
	}, {
		"ebeln": "6000000115",
		"ebelp": "70",
		"netpr": "Pendiente",
		"name1": "MINA",
		"srvpos": "1080000343",
		"ktext1": "FILTRO REFRIGERANTE EQUIV. P552073",
		"meins": "C/U",
		"menge": 16,
		"lfdat": "2019-07-10T00:00:00",
		"cnoft": 16,
		"lfdat2": "2019-07-11T00:00:00",
		"tbtwr": 300,
		"peinh": 1,
		"tdline": ""
	}, {
		"ebeln": "6000000115",
		"ebelp": "80",
		"netpr": "Pendiente",
		"name1": "MINA",
		"srvpos": "1080002000",
		"ktext1": "FILTRO DE CAJA DE DIRECCION EQ",
		"meins": "C/U",
		"menge": 30,
		"lfdat": "2019-07-10T00:00:00",
		"cnoft": 30,
		"lfdat2": "2019-07-11T00:00:00",
		"tbtwr": 324,
		"peinh": 1,
		"tdline": "Original"
	}, {
		"ebeln": "6000000115",
		"ebelp": "90",
		"netpr": "Pendiente",
		"name1": "MINA",
		"srvpos": "1080002001",
		"ktext1": "FILTRO DE CAJA DE MAC 5",
		"meins": "C/U",
		"menge": 40,
		"lfdat": "2019-07-10T00:00:00",
		"cnoft": 10,
		"lfdat2": "2019-07-11T00:00:00",
		"tbtwr": 11.57,
		"peinh": 1,
		"tdline": ""
	}, {
		"ebeln": "6000000115",
		"ebelp": "100",
		"netpr": "Pendiente",
		"name1": "MINA",
		"srvpos": "1080005944",
		"ktext1": "8824120 CAMBIADOR DE CALOR",
		"meins": "C/U",
		"menge": 15,
		"lfdat": "2019-07-10T00:00:00",
		"cnoft": 15,
		"lfdat2": "2019-07-11T00:00:00",
		"tbtwr": 30.59,
		"peinh": 1,
		"tdline": ""
	}, {
		"ebeln": "6000000115",
		"ebelp": "110",
		"netpr": "Pendiente",
		"name1": "MINA",
		"srvpos": "1080010145",
		"ktext1": "RIEL DE ACERO X 5M 30 LB/YD",
		"meins": "C/U",
		"menge": 20,
		"lfdat": "2019-07-10T00:00:00",
		"cnoft": 20,
		"lfdat2": "2019-07-11T00:00:00",
		"tbtwr": 29.99,
		"peinh": 1,
		"tdline": ""
	}, {
		"ebeln": "6000000115",
		"ebelp": "120",
		"netpr": "Pendiente",
		"name1": "MINA",
		"srvpos": "1080010146",
		"ktext1": "Lentes de Seguridad",
		"meins": "C/U",
		"menge": 15,
		"lfdat": "2019-07-10T00:00:00",
		"cnoft": 15,
		"lfdat2": "2019-07-11T00:00:00",
		"tbtwr": 12.4,
		"peinh": 1,
		"tdline": ""
	}, {
		"ebeln": "6000000115",
		"ebelp": "130",
		"netpr": "Pendiente",
		"name1": "MINA",
		"srvpos": "1080010147",
		"ktext1": "Turbina",
		"meins": "C/U",
		"menge": 30,
		"lfdat": "2019-07-10T00:00:00",
		"cnoft": 30,
		"lfdat2": "2019-07-11T00:00:00",
		"tbtwr": 100,
		"peinh": 1,
		"tdline": ""
	}]
}]