{
	"welcomeFile": "/webapp/index.html",
	"routes": [{
		"path": "/resources",
		"target": {
			"type": "service",
			"name": "sapui5",
			"entryPath": "/resources"
		},
		"description": "SAPUI5 Resources"
	}, {
		"path": "/test-resources",
		"target": {
			"type": "service",
			"name": "sapui5",
			"entryPath": "/test-resources"
		},
		"description": "SAPUI5 Test Resources"
	}, {
		"path": "/saperp",
		"target": {
			"type": "destination",
			"name": "KAG_S4H_HTTP_BASIC"
		},
		"description": "SAP ERP basic authentication"
	}, {
		"path": "/services/userapi",
		"target": {
			"type": "service",
			"name": "userapi"
		}
	}, {
		"path": "/iasscim",
		"target": {
			"type": "destination",
			"name": "IAS_SCIM_API"
		},
		"description": "IAS SCIM API"
	}],
	"sendWelcomeFileRedirect": true
}