{
	"Filter": {
		"OptionDate": "0",
		"DocumentDate": "",
		"Folio": "",
		"QuotationNumber": "",
		"Order": "",
		"MaterialDocument": "",
		"Company": []
	},
	"TrackingSet": [{
		"StatusText": "Por Pagar",
		"Document": "5105600111",
		"StatusId": "1",
		"DocumentDate": "02/08/2020",
		"Total": "1740.00",
		"CurrencyText": "EUR",
		"PayCondition": "",
		"DueDate": "24/04/2020",
		"OptionId": "1",
		"StatusColor": "Indication03"
	}, {
		"StatusText": "Factura/Boleta",
		"Document": "5105600111",
		"StatusId": "3",
		"DocumentDate": "02/08/2020",
		"Total": "1740",
		"CurrencyText": "EUR",
		"PayCondition": "",
		"DueDate": "24/04/2020",
		"OptionId": "2",
		"StatusColor": "Indication06"
	}, {
		"StatusText": "Por Facturar ",
		"Document": "4500000059",
		"StatusId": "6",
		"DocumentDate": "12/06/2020",
		"Total": "7000.00",
		"CurrencyText": "PEN",
		"PayCondition": "K005",
		"DueDate": "02/07/2020",
		"OptionId": "2",
		"StatusColor": "Indication03"
	}, {
		"StatusText": "Por Facturar ",
		"Document": "4500000061",
		"StatusId": "6",
		"DocumentDate": "19/06/2020",
		"Total": "1000.00",
		"CurrencyText": "PEN",
		"PayCondition": "K005",
		"DueDate": "12/05/2020",
		"OptionId": "2",
		"StatusColor": "Indication03"
	}, {
		"StatusText": "Entregado",
		"Document": "4500000059",
		"StatusId": "11",
		"DocumentDate": "12/06/2020",
		"Total": "7000.00",
		"CurrencyText": "PEN",
		"PayCondition": "K005",
		"DueDate": "02/07/2020",
		"OptionId": "4",
		"StatusColor": "Indication04"
	}, {
		"StatusText": "Entregado",
		"Document": "4500000061",
		"StatusId": "11",
		"DocumentDate": "19/06/2020",
		"Total": "1000.00",
		"CurrencyText": "PEN",
		"PayCondition": "K005",
		"DueDate": "12/05/2020",
		"OptionId": "4",
		"StatusColor": "Indication04"
	}, {
		"StatusText": "Por Entregar",
		"Document": "4500000060",
		"StatusId": "12",
		"DocumentDate": "12/06/2020",
		"Total": "70000.00",
		"CurrencyText": "PEN",
		"PayCondition": "K005",
		"DueDate": "02/07/2020",
		"OptionId": "4",
		"StatusColor": "Indication02"
	}, {
		"StatusText": "Por Entregar",
		"Document": "6000000025",
		"StatusId": "12",
		"DocumentDate": "19/06/2020",
		"Total": "",
		"CurrencyText": "",
		"PayCondition": "",
		"DueDate": "15/07/2020",
		"OptionId": "4",
		"StatusColor": "Indication02"
	}, {
		"StatusText": "Por Entregar",
		"Document": "6000000029",
		"StatusId": "12",
		"DocumentDate": "08/07/2020",
		"Total": "",
		"CurrencyText": "",
		"PayCondition": "",
		"DueDate": "31/08/2020",
		"OptionId": "4",
		"StatusColor": "Indication02"
	}, {
		"StatusText": "Por Entregar",
		"Document": "6000000026",
		"StatusId": "12",
		"DocumentDate": "30/06/2020",
		"Total": "",
		"CurrencyText": "",
		"PayCondition": "",
		"DueDate": "17/08/2020",
		"OptionId": "4",
		"StatusColor": "Indication02"
	}, {
		"StatusText": "Por Entregar",
		"Document": "6000000026",
		"StatusId": "12",
		"DocumentDate": "30/06/2020",
		"Total": "",
		"CurrencyText": "",
		"PayCondition": "",
		"DueDate": "17/08/2020",
		"OptionId": "4",
		"StatusColor": "Indication02"
	}, {
		"StatusText": "Por Cotizar",
		"Document": "6000000027",
		"StatusId": "7",
		"DocumentDate": "30/06/2020",
		"Total": "",
		"CurrencyText": "PEN",
		"PayCondition": "",
		"DueDate": "",
		"OptionId": "3",
		"StatusColor": "Indication05"
	}, {
		"StatusText": "Por Cotizar",
		"Document": "6000000028",
		"StatusId": "7",
		"DocumentDate": "30/06/2020",
		"Total": "",
		"CurrencyText": "PEN",
		"PayCondition": "",
		"DueDate": "",
		"OptionId": "3",
		"StatusColor": "Indication05"
	}, {
		"StatusText": "Por Cotizar",
		"Document": "6000000029",
		"StatusId": "7",
		"DocumentDate": "08/07/2020",
		"Total": "",
		"CurrencyText": "PEN",
		"PayCondition": "",
		"DueDate": "",
		"OptionId": "3",
		"StatusColor": "Indication05"
	}, {
		"StatusText": "Por confirmar",
		"Document": "6000000026",
		"StatusId": "8",
		"DocumentDate": "30/06/2020",
		"Total": "",
		"CurrencyText": "PEN",
		"PayCondition": "K002",
		"DueDate": "29/07/2020",
		"OptionId": "3",
		"StatusColor": "Indication06"
	}],
	"TrackingDetailSet": [{
		"StatusText": "Por Pagar",
		"Document": "5105600111",
		"Position": "10",
		"MaterialService": "GALLETA VICTORIA SODA V PLAIN 6PQT 4PACKS",
		"MaterialServiceCode": "4000000015",
		"Quantity": "300",
		"UnitMeasurement": "UN",
		"UnitPrice": "5",
		"Discount": "0",
		"Total": "1500",
		"OptionId": "1",
		"StatusColor": "Indication03"
	}, {
		"StatusText": "Factura/Boleta",
		"Document": "5105600111",
		"Position": "10",
		"MaterialService": "GALLETA VICTORIA SODA V PLAIN 6PQT 4PACKS",
		"MaterialServiceCode": "4000000015",
		"Quantity": "300",
		"UnitMeasurement": "UN",
		"UnitPrice": "5",
		"Discount": "0",
		"Total": "1500",
		"OptionId": "2",
		"StatusColor": "Indication06"
	}, {
		"StatusText": "Por facturar",
		"Document": "4500000061",
		"Position": "10",
		"MaterialService": "",
		"MaterialServiceCode": "10000001",
		"Quantity": "10",
		"UnitMeasurement": "C/U",
		"UnitPrice": "100",
		"Discount": "0",
		"Total": "1000",
		"OptionId": "2",
		"StatusColor": "Indication03"
	}, {
		"StatusText": "Por facturar",
		"Document": "4500000059",
		"Position": "10",
		"MaterialService": "",
		"MaterialServiceCode": "4000000020",
		"Quantity": "10",
		"UnitMeasurement": "C/U",
		"UnitPrice": "700",
		"Discount": "0",
		"Total": "7000",
		"OptionId": "2",
		"StatusColor": "Indication03"
	}, {
		"StatusText": "Entregado",
		"Document": "4500000061",
		"Position": "10",
		"MaterialService": "",
		"MaterialServiceCode": "10000001",
		"Quantity": "10",
		"UnitMeasurement": "C/U",
		"UnitPrice": "100",
		"Discount": "0",
		"Total": "1000",
		"OptionId": "4",
		"StatusColor": "Indication04"
	}, {
		"StatusText": "Entregado",
		"Document": "4500000059",
		"Position": "10",
		"MaterialService": "",
		"MaterialServiceCode": "4000000020",
		"Quantity": "10",
		"UnitMeasurement": "C/U",
		"UnitPrice": "700",
		"Discount": "0",
		"Total": "7000",
		"OptionId": "4",
		"StatusColor": "Indication04"
	}, {
		"StatusText": "Por entregar",
		"Document": "6000000029",
		"Position": "10",
		"MaterialService": "",
		"MaterialServiceCode": "4000000020",
		"Quantity": "100",
		"UnitMeasurement": "C/U",
		"UnitPrice": "0",
		"Discount": "0",
		"Total": "0",
		"OptionId": "4",
		"StatusColor": "Indication02"
	}, {
		"StatusText": "Por entregar",
		"Document": "6000000029",
		"Position": "20",
		"MaterialService": "",
		"MaterialServiceCode": "4000000019",
		"Quantity": "100",
		"UnitMeasurement": "C/U",
		"UnitPrice": "25.5",
		"Discount": "0",
		"Total": "2550",
		"OptionId": "4",
		"StatusColor": "Indication02"
	}, {
		"StatusText": "Por entregar",
		"Document": "6000000026",
		"Position": "10",
		"MaterialService": "",
		"MaterialServiceCode": "4000000017",
		"Quantity": "20000",
		"UnitMeasurement": "UN",
		"UnitPrice": "0",
		"Discount": "0",
		"Total": "0",
		"OptionId": "4",
		"StatusColor": "Indication02"
	}, {
		"StatusText": "Por entregar",
		"Document": "6000000025",
		"Position": "10",
		"MaterialService": "",
		"MaterialServiceCode": "4000000017",
		"Quantity": "4000",
		"UnitMeasurement": "UN",
		"UnitPrice": "0",
		"Discount": "0",
		"Total": "0",
		"OptionId": "4",
		"StatusColor": "Indication02"
	}, {
		"StatusText": "Por entregar",
		"Document": "4500000060",
		"Position": "10",
		"MaterialService": "",
		"MaterialServiceCode": "4000000020",
		"Quantity": "100",
		"UnitMeasurement": "C/U",
		"UnitPrice": "700",
		"Discount": "0",
		"Total": "70000",
		"OptionId": "4",
		"StatusColor": "Indication02"
	}, {
		"StatusText": "Por confirmar",
		"Document": "6000000026",
		"Position": "10",
		"MaterialService": "",
		"MaterialServiceCode": "4000000017",
		"Quantity": "20",
		"UnitMeasurement": "UN",
		"UnitPrice": "",
		"Discount": "",
		"Total": "",
		"OptionId": "3",
		"StatusColor": "Indication06"
	}, {
		"StatusText": "Por cotizar",
		"Document": "6000000027",
		"Position": "10",
		"MaterialService": "",
		"MaterialServiceCode": "4000000017",
		"Quantity": "20",
		"UnitMeasurement": "UN",
		"UnitPrice": "",
		"Discount": "",
		"Total": "",
		"OptionId": "3",
		"StatusColor": "Indication05"
	}, {
		"StatusText": "Por cotizar",
		"Document": "6000000028",
		"Position": "10",
		"MaterialService": "",
		"MaterialServiceCode": "4000000017",
		"Quantity": "20",
		"UnitMeasurement": "UN",
		"UnitPrice": "",
		"Discount": "",
		"Total": "",
		"OptionId": "3",
		"StatusColor": "Indication05"
	}, {
		"StatusText": "Por cotizar",
		"Document": "6000000028",
		"Position": "20",
		"MaterialService": "",
		"MaterialServiceCode": "4000000016",
		"Quantity": "15",
		"UnitMeasurement": "UN",
		"UnitPrice": "",
		"Discount": "",
		"Total": "",
		"OptionId": "3",
		"StatusColor": "Indication05"
	}, {
		"StatusText": "Por cotizar",
		"Document": "6000000029",
		"Position": "10",
		"MaterialService": "",
		"MaterialServiceCode": "4000000020",
		"Quantity": "100",
		"UnitMeasurement": "C/U",
		"UnitPrice": "",
		"Discount": "",
		"Total": "",
		"OptionId": "3",
		"StatusColor": "Indication05"
	}, {
		"StatusText": "Por cotizar",
		"Document": "6000000029",
		"Position": "20",
		"MaterialService": "",
		"MaterialServiceCode": "4000000019",
		"Quantity": "100",
		"UnitMeasurement": "C/U",
		"UnitPrice": "",
		"Discount": "",
		"Total": "",
		"OptionId": "3",
		"StatusColor": "Indication05"
	}],
	"StatusSet": [{
		"Key": "1",
		"Text": "Por Pagar"
	}, {
		"Key": "2",
		"Text": "Pagados"
	}, {
		"Key": "3",
		"Text": "Factura/Boleta"
	}, {
		"Key": "4",
		"Text": "Nota de Credito"
	}, {
		"Key": "5",
		"Text": "Nota Debito"
	}, {
		"Key": "6",
		"Text": "Por Facturar"
	}, {
		"Key": "7",
		"Text": "Por Cotizar"
	}, {
		"Key": "8",
		"Text": "Por Confirmar"
	}, {
		"Key": "9",
		"Text": "Ganado"
	}, {
		"Key": "10",
		"Text": "Perdido"
	}, {
		"Key": "11",
		"Text": "Entregado"
	}, {
		"Key": "12",
		"Text": "Por Entregar"
	}],
	"FilterKeyStatus": "",
	"FilterDocumentDate": ""
}