{
	"Instances": [],
	"Application": [{
		"Id": "wfsuppliers",
		"Name": "Business Partner Request",
		"SemanticObject": "semanticbpcreationrequest",
		"Action": "Display"
	}, {
		"Id": "wfInvoicenotoc",
		"Name": "Pre-registro sin Orden de Compra",
		"SemanticObject": "semanticInvoiceRegisterNotOc",
		"Action": "Display"
	}],
	"ApplicationKey": "",
	"RequestDate": {
		"From": null,
		"UpTo": null
	},
	"CompletedDate": {
		"From": null,
		"UpTo": null
	},
	"StatusKey": "",
	"Status": [{
		"Id": "RUNNING",
		"Description": "Pendiente",
		"Color": "Indication03"
	}, {
		"Id": "COMPLETED",
		"Description": "Aprobado",
		"Color": "Indication04"
	}]
}