{
	"authenticationMethod": "none",
	"routes": [{
		"source": "^/iasscim/(.*)$",
		"target": "$1",
		"authenticationType": "none",
		"destination": "IAS_SCIM_API",
		"csrfProtection": false
	}, {
		"source": "^/bpmworkflowruntime/(.*)$",
		"target": "/$1",
		"service": "com.sap.bpm.workflow",
		"endpoint": "workflow_rest_url",
		"authenticationType": "xsuaa"
	}, {
		"source": "^/saperp/(.*)$",
		"target": "$1",
		"authenticationType": "none",
		"destination": "KAG_S4H_HTTP_BASIC",
		"csrfProtection": false
	}],
	"welcomeFile": "/cp.portal"
}