{
	"welcomeFile": "/webapp/index.html",
	"routes": [{
		"path": "/resources",
		"target": {
			"type": "service",
			"name": "sapui5",
			"entryPath": "/resources",
			"version": "1.71.22"
		},
		"description": "SAPUI5 Resources"
	}, {
		"path": "/test-resources",
		"target": {
			"type": "service",
			"name": "sapui5",
			"entryPath": "/test-resources",
			"version": "1.71.22"
		},
		"description": "SAPUI5 Test Resources"
	}, {
		"path": "/saperp",
		"target": {
			"type": "destination",
			"name": "KAG_S4H_HTTP_BASIC_2",
			"entryPath": "/"
		},
		"description": "SAP ERP basic authentication"
	}],
	"sendWelcomeFileRedirect": true
}