[{"ID":"4500000001","PONumber":"4500000001","ExternalDocumentID":"002-0000156","Value":"100","Currency":"PEN","CompanyName":"Laive","DocumentType":"Factura"},{"ID":"4500000002","PONumber":"4500000002","ExternalDocumentID":"002-0000157","Value":"200","Currency":"PEN","CompanyName":"Laive","DocumentType":"Factura"},{"ID":"4500000003","PONumber":"4500000003","ExternalDocumentID":"002-0000158","Value":"300","Currency":"PEN","CompanyName":"Laive","DocumentType":"Factura"},{"ID":"4500000004","PONumber":"4500000004","ExternalDocumentID":"002-0000159","Value":"400","Currency":"PEN","CompanyName":"Laive","DocumentType":"Factura"},{"ID":"4500000005","PONumber":"4500000005","ExternalDocumentID":"002-0000160","Value":"500","Currency":"PEN","CompanyName":"Laive","DocumentType":"Factura"}]