[{"ID":"10001","ItemNumber":"00010","ItemDescription":"Recipientes 125 ml.","Quantity":"50","Unit":"CJ","PricePerUnit":"1","Value":"50","Currency":"PEN","PONumber":"4500000001","SheetNumber":"1200","___FK_eeed3011fe8aa84b0ead01e4":"4500000001"},{"ID":"10002","ItemNumber":"00020","ItemDescription":"Etiquetas","Quantity":"50","Unit":"CJ","PricePerUnit":"1","Value":"50","Currency":"PEN","PONumber":"4500000001","SheetNumber":"1201","___FK_eeed3011fe8aa84b0ead01e4":"4500000001"},{"ID":"10003","ItemNumber":"00011","ItemDescription":"Recipientes 250 ml.","Quantity":"100","Unit":"CJ","PricePerUnit":"1","Value":"100","Currency":"PEN","PONumber":"4500000002","SheetNumber":"","___FK_eeed3011fe8aa84b0ead01e4":"4500000002"},{"ID":"10004","ItemNumber":"00021","ItemDescription":"Recipientes 250 ml.","Quantity":"100","Unit":"CJ","PricePerUnit":"1","Value":"100","Currency":"PEN","PONumber":"4500000002","SheetNumber":"1200","___FK_eeed3011fe8aa84b0ead01e4":"4500000002"},{"ID":"10005","ItemNumber":"00012","ItemDescription":"Tapas x ciento","Quantity":"15","Unit":"CJ","PricePerUnit":"10","Value":"150","Currency":"PEN","PONumber":"4500000003","SheetNumber":"1201","___FK_eeed3011fe8aa84b0ead01e4":"4500000003"},{"ID":"10006","ItemNumber":"00022","ItemDescription":"Tapas x ciento","Quantity":"15","Unit":"CJ","PricePerUnit":"10","Value":"150","Currency":"PEN","PONumber":"4500000003","SheetNumber":"","___FK_eeed3011fe8aa84b0ead01e4":"4500000003"},{"ID":"10007","ItemNumber":"00013","ItemDescription":"Etiquetas","Quantity":"20","Unit":"CJ","PricePerUnit":"20","Value":"400","Currency":"PEN","PONumber":"4500000004","SheetNumber":"","___FK_eeed3011fe8aa84b0ead01e4":"4500000004"},{"ID":"10008","ItemNumber":"00014","ItemDescription":"Recipientes 500 ml.","Quantity":"25","Unit":"CJ","PricePerUnit":"10","Value":"250","Currency":"PEN","PONumber":"4500000005","SheetNumber":"","___FK_eeed3011fe8aa84b0ead01e4":"4500000005"},{"ID":"10009","ItemNumber":"00023","ItemDescription":"Recipientes 500 ml.","Quantity":"25","Unit":"CJ","PricePerUnit":"10","Value":"250","Currency":"PEN","PONumber":"4500000005","SheetNumber":"","___FK_eeed3011fe8aa84b0ead01e4":"4500000005"}]