[{"ID":"0010","SheetItem":"0010","SheetNumber":"1200","Description":"Linea 1","___FK_2de67224ce306e0c0f293ac9_00000":"10001"},{"ID":"0020","SheetItem":"0020","SheetNumber":"1200","Description":"Linea 2","___FK_2de67224ce306e0c0f293ac9_00000":"10001"},{"ID":"0030","SheetItem":"0030","SheetNumber":"1201","Description":"Linea 3","___FK_2de67224ce306e0c0f293ac9_00000":"10002"},{"ID":"0040","SheetItem":"0040","SheetNumber":"1200","Description":"Linea 4","___FK_2de67224ce306e0c0f293ac9_00000":"10004"},{"ID":"0050","SheetItem":"0050","SheetNumber":"1201","Description":"Linea 5","___FK_2de67224ce306e0c0f293ac9_00000":"10005"}]