{
	"welcomeFile": "/webapp/index.html",
	"routes": [{
		"path": "/resources",
		"target": {
			"type": "service",
			"name": "sapui5",
			"entryPath": "/resources"
		},
		"description": "SAPUI5 Resources"
	}, {
		"path": "/test-resources",
		"target": {
			"type": "service",
			"name": "sapui5",
			"entryPath": "/test-resources"
		},
		"description": "SAPUI5 Test Resources"
	}, {
		"path": "/saperp",
		"target": {
			"type": "destination",
			"name": "Everis",
			"entryPath": "/"
		},
		"description": "Everis basic authentication"
	}, {
		"path": "/iasscim",
		"target": {
			"type": "destination",
			"name": "IAS"
		},
		"description": "IAS SCIM API"
	}],
	"sendWelcomeFileRedirect": true
}