{
  "welcomeFile": "/index.html",
  "authenticationMethod": "route",
  "logout": {
    "logoutEndpoint": "/do/logout"
  },
  "routes": [{
      "source": "^/saperp/(.*)$",
      "target": "$1",
      "authenticationType": "none",
      "destination": "KAG_S4H_HTTP_BASIC",
      "csrfProtection": false
    },
    {
      "source": "^/iasscim/(.*)$",
      "target": "$1",
      "authenticationType": "none",
      "destination": "IAS_SCIM_API",
      "csrfProtection": false
    },
    {
      "source": "^/bpmworkflowruntime/(.*)$",
      "target": "/$1",
      "service": "com.sap.bpm.workflow",
      "endpoint": "workflow_rest_url",
      "authenticationType": "xsuaa"
    },
    {
      "source": "^(.*)$",
      "target": "$1",
      "service": "html5-apps-repo-rt",
      "authenticationType": "xsuaa"
    }
  ]
}