{
	"xsappname": "suppliers",
	"scopes": [{
		"name": "$XSAPPNAME.requestbp",
		"description": "Solicitar Business Partner"
	}, {
		"name": "$XSAPPNAME.approvebp",
		"description": "Aprobar Business Partner"
	}, {
		"name": "$XSAPPNAME.admin",
		"description": "Administrar"
	}, {
		"name": "$XSAPPNAME.accountstatus",
		"description": "Administrar"
	}, {
		"name": "$XSAPPNAME.bpcreationapproval",
		"description": "Administrar"
	}, {
		"name": "$XSAPPNAME.ias",
		"description": "Administrar"
	}, {
		"name": "$XSAPPNAME.invoiceregister",
		"description": "Administrar"
	}, {
		"name": "$XSAPPNAME.potracking",
		"description": "Administrar"
	}, {
		"name": "$XSAPPNAME.tilepotracking",
		"description": "Administrar"
	}, {
		"name": "$XSAPPNAME.quotationupdate",
		"description": "Administrar"
	}, {
		"name": "$XSAPPNAME.requestinvoicenotoc",
		"description": "Solicitar Pre-Registro Factura"
	}, {
		"name": "$XSAPPNAME.tileaccountstatus",
		"description": "Administrar"
	}],
	"tenant-mode": "dedicated",
	"description": "Security profile of called application",
	"role-templates": [{
		"name": "Token_Exchange",
		"description": "UAA",
		"scope-references": [
			"uaa.user"
		]
	}, {
		"name": "suppliersInitial",
		"description": "Solicitar BP - Portal de Proveedores",
		"scope-references": ["$XSAPPNAME.requestbp"]
	}, {
		"name": "suppliersSupplier",
		"description": "Solicitar BP - Portal de Proveedores",
		"scope-references": ["$XSAPPNAME.requestbp", "$XSAPPNAME.accountstatus", "$XSAPPNAME.tileaccountstatus", "$XSAPPNAME.ias",
			"$XSAPPNAME.invoiceregister", "$XSAPPNAME.potracking", "$XSAPPNAME.tilepotracking", "$XSAPPNAME.quotationupdate",
			"$XSAPPNAME.requestinvoicenotoc"
		]
	}, {
		"name": "suppliersApprover",
		"description": "Aprobar BP - Portal de Proveedores",
		"scope-references": ["$XSAPPNAME.approvebp"]
	}, {
		"name": "suppliersInvoiceNotOc",
		"description": "Solicitar Pre-Registro Factura - Portal de Proveedores",
		"scope-references": ["$XSAPPNAME.requestinvoicenotoc"]
	}, {
		"name": "suppliersAdmin",
		"description": "Administrador - Portal de Proveedores",
		"scope-references": ["$XSAPPNAME.admin", "$XSAPPNAME.accountstatus", "$XSAPPNAME.tileaccountstatus", "$XSAPPNAME.bpcreationapproval",
			"$XSAPPNAME.ias",
			"$XSAPPNAME.invoiceregister", "$XSAPPNAME.potracking", "$XSAPPNAME.tilepotracking", "$XSAPPNAME.quotationupdate",
			"$XSAPPNAME.requestinvoicenotoc"
		]
	}]
}