{
	"_version": "3.0.0",
	"identification": {
		"id": "businessappsup.app",
		"entityType": "businessapp",
		"i18n": "i18n/businessApps.properties"
	},
	"payload": {
		"visualizations": {
			"tilepotracking-displayToCustom": {
				"vizType": "com.everis.suppliers.tilepotracking",
				"vizConfig": {
					"sap.app": {
						"title": "{{staticUrlTitle}}",
						"subTitle": "{{staticUrlSubTitle}}"
					},
					"sap.flp": {
						"target": {
							"inboundId": "data-display"
						}
					}
				}
			},
			"tileaccountstatus-displayToCustom": {
				"vizType": "com.everis.suppliers.tileaccountstatus",
				"vizConfig": {
					"sap.app": {
						"title": "{{staticUrlTitle}}",
						"subTitle": "{{staticUrlSubTitle}}"
					},
					"sap.flp": {
						"target": {
							"inboundId": "data-display"
						}
					}
				}
			}
		}
	}
}