{
	"_version": "3.0",
	"identification": {
		"id": "cross.fnd.fiori.inbox",
		"entityType": "businessapp"
	},
	"payload": {
		"visualizations": {
			"WorkflowTask-DisplayMyInboxExpertMode": {
				"vizType": "sap.ushell.DynamicAppLauncher",
				"vizConfig": {
					"sap.app": {
						"title": "My Inbox - Proveedores",
						"description": "DisplayMyInboxExpertModeDesk",
						"tags": {

						}
					},
					"sap.flp": {
						"target": {
							"inboundId": "WorkflowTask-DisplayMyInbox",
							"parameters": {
								"expertMode": {
									"value": {
										"value": "false",
										"format": "plain"
									}
								},
								"showAdditionalAttributes": {
									"value": {
										"value": "true",
										"format": "plain"
									}
								},
								"massAction": {
									"value": {
										"value": "true",
										"format": "plain"
									}
								}

							}
						}
					}
				}
			}
		}
	}
}